<?xml version="1.0" encoding="UTF-8"?>
<beans xmlns="http://www.springframework.org/schema/beans"
	xmlns:xsi="http://www.w3.org/2001/XMLSchema-instance"
	xmlns:context="http://www.springframework.org/schema/context"
	xmlns:mybatis-spring="http://mybatis.org/schema/mybatis-spring"
	xmlns:task="http://www.springframework.org/schema/task"
	xmlns:tx="http://www.springframework.org/schema/tx"
	xsi:schemaLocation="http://mybatis.org/schema/mybatis-spring http://mybatis.org/schema/mybatis-spring-1.2.xsd
		http://www.springframework.org/schema/task http://www.springframework.org/schema/task/spring-task-4.3.xsd
		http://www.springframework.org/schema/beans https://www.springframework.org/schema/beans/spring-beans.xsd
		http://www.springframework.org/schema/context http://www.springframework.org/schema/context/spring-context.xsd
		http://www.springframework.org/schema/tx http://www.springframework.org/schema/tx/spring-tx-4.3.xsd">
	
	<!-- Root Context: defines shared resources visible to all other web components -->
	<bean id="hikariConfig" class="com.zaxxer.hikari.HikariConfig">
  		<property name="driverClassName" value="net.sf.log4jdbc.sql.jdbcapi.DriverSpy" /> 
<!--  		<property name="driverClassName" value="oracle.jdbc.OracleDriver" /> -->
 		<property name="jdbcUrl" value="jdbc:log4jdbc:oracle:thin:@localhost:1521:orcl" />
 <!--  		<property name="jdbcUrl" value="jdbc:oracle:thin:@localhost:1521:orcl" /> -->
		<property name="username" value="guci" />
		<property name="password" value="guci" />
	</bean>
	
	<bean id="dataSource" class="com.zaxxer.hikari.HikariDataSource" destroy-method="close">
		<constructor-arg ref="hikariConfig" />
	</bean>


	<!-- dataSource를 sqlSessionFactory에 주입시킴 -->
	<bean id="sqlSessionFactory" class="org.mybatis.spring.SqlSessionFactoryBean">
		<property name="dataSource" ref="dataSource" />
	</bean>
	
	<!-- 트랜잭션 -->
	<bean id="transactionManager" class="org.springframework.jdbc.datasource.DataSourceTransactionManager">
		<property name="dataSource" ref="dataSource" />
	</bean>
	
	<!-- navermail설정 -->
    <bean id="mailSender" class="org.springframework.mail.javamail.JavaMailSenderImpl"> 
     <property name="host" value="smtp.naver.com"/> <!-- 메이서버 호스트 -->
     <property name="port" value="465"/> <!-- 메이서버 포트번호 -->
     <property name="username" value=""/> <!-- 자신의 이메일 아이디 -->
     <property name="password" value=""/> <!-- 자신의 비밀번호 -->
       <!-- 보안연결 SSL과 관련된 설정 -->
     <property name="javaMailProperties">
      <props>
      <prop key="mail.smtp.auth">true</prop>
      <prop key="mail.smtp.starttls.enable">true</prop>
      <prop key="mail.smtps.checkserveridentity">true</prop>
      <prop key="mail.smtps.ssl.trust">*</prop>
      <prop key="mail.debug">true</prop>
      <prop key="mail.smtp.socketFactory.class">javax.net.ssl.SSLSocketFactory</prop>
      </props>
     </property>
    </bean>
	
	<tx:annotation-driven/>
	<task:annotation-driven/>

	<mybatis-spring:scan base-package="com.guci.mapper"/>

	<context:component-scan base-package="com.guci.controller" />
	<context:component-scan base-package="com.guci.service" />
	<context:component-scan base-package="com.guci.task" />
	

</beans>
