<?xml version="1.0" encoding="UTF-8" ?>
<!DOCTYPE mapper
  PUBLIC "-//mybatis.org//DTD Mapper 3.0//EN"
  "http://mybatis.org/dtd/mybatis-3-mapper.dtd">
<mapper namespace="com.guci.mapper.FaqMapper">
	<select id="getList" resultType="com.guci.domain.FaqVO">
		<![CDATA[
			SELECT * FROM guci_faq WHERE faqNo > 0
		]]>
	</select>
	
	<insert id="insert">
		INSERT INTO guci_faq(faqNo, faqCate, faqTit, faqCon, faqWri)
		VALUES(seq_faq.NEXTVAL, #{faqCate},#{faqTit},#{faqCon},'관리자')
	</insert>
	<insert id="insertSelectKey">
		<selectKey keyProperty="faqNo" order="BEFORE" resultType="long">
			SELECT seq_faq.NEXTVAL FROM DUAL
		</selectKey>
		INSERT INTO guci_faq(faqNo, faqCate, faqTit, faqCon, faqWri)
		VALUES(#{faqNo}, #{faqCate},#{faqTit},#{faqCon},'관리자')
	</insert>
	
	<select id="read" resultType="com.guci.domain.FaqVO">
		SELECT * FROM guci_faq WHERE faqNo = #{faqNo}
	</select>
	
	<delete id="delete">
		DELETE FROM guci_faq WHERE faqNo = #{faqNo}
	</delete>
	
	<update id="update">
		UPDATE guci_faq SET faqCate = #{faqCate}, faqTit = #{faqTit}, faqCon = #{faqCon}
		WHERE faqNo = #{faqNo} 
	</update>
</mapper>

