<?xml version="1.0" encoding="UTF-8" ?>
<!DOCTYPE mapper
  PUBLIC "-//mybatis.org//DTD Mapper 3.0//EN"
  "http://mybatis.org/dtd/mybatis-3-mapper.dtd">
  
<mapper namespace="com.guci.mapper.QuesMapper">



  <sql id="criteria">
  	<trim prefix="(" suffix=") AND " prefixOverrides="OR">
  		<foreach item='type' collection="typeArr">
  			<trim prefix="OR">
  				<choose>
  					<when test="type == 'T'.toString()">
  						quesTit like '%'||#{keyword}||'%'
  					</when>
  					<when test="type == 'C'.toString()">
  						quesCon like '%'||#{keyword}||'%'
  					</when>
  					<when test="type == 'W'.toString()">
  						quesWri like '%'||#{keyword}||'%'
  					</when>
  				</choose>
  			</trim>
  		</foreach>
  	</trim>
  </sql>
	
  <select id="getlist" resultType="com.guci.domain.QuesVO">
  <![CDATA[ select * from guci_question where quesNo > 0 ]]>
  </select>

	<!-- Insert 처리 -->
  <insert id="insert">
  	insert into guci_question(quesNo, quesTit, quesCon, quesWri,quesCateCode)
  	values(seq_guciquestion.nextval, #{quesTit}, #{quesCon}, #{quesWri},#{quesCateCode})
  </insert>
  
  <insert id="insertSelectKey">
  	<selectKey keyProperty="quesNo" order="BEFORE" resultType="long">
  		select seq_guciquestion.nextval from dual
  	</selectKey>
  
    insert into guci_question(quesNo, quesTit, quesCon, quesWri,quesCateCode)
  	values(#{quesNo}, #{quesTit}, #{quesCon}, #{quesWri},#{quesCateCode})
  </insert>
  
  
  <!--  Read 처리 -->
	<select id="read" resultType="com.guci.domain.QuesVO">
		select * from guci_question where quesNo = #{quesNo}
	</select>
	
  <!-- Delete 처리 -->
  <delete id="delete">
  	delete guci_question where quesNo = #{quesNo}
  </delete>  
  
  <!-- Update 처리 -->
  <update id="update"  parameterType ="com.guci.domain.QuesVO">
  	update guci_question
  	set quesTit = #{quesTit}, quesCon = #{quesCon}, quesWri=#{quesWri},quesCateCode=#{quesCateCode}
  	where quesNo = #{quesNo}
  </update>
  
 
   <select id="getListWithPaging" resultType="com.guci.domain.QuesVO">
  <![CDATA[ 
  select
   quesNo, quesTit, quesCon, quesWri, quesDate, replycnt,quesCateCode
  from 
  	( select /*+INDEX_DESC(guci_question) */
  	  rownum rn, quesNo, quesTit, quesCon, quesWri, quesDate, quesCateCode,replycnt
  	  from guci_question
  	  where 
  ]]>
	<include refid="criteria"></include>
  <![CDATA[ 
  	rownum <= #{pageNum} * #{amount}
  	)
  	where rn > (#{pageNum} -1) * #{amount}
  ]]>
  </select>
  
  

  <select id="getTotalCount" resultType="int">
  	select count(*) from guci_question where
  	<include refid="criteria"></include>
  	 quesNo > 0
  </select>
  
	
  <!-- (483) -->
  <update id="updateReplyCnt">
  	update guci_question set replyCnt = replyCnt + #{amount} where quesNo = #{quesNo}
  </update>
  
</mapper>