<?xml version="1.0" encoding="UTF-8" ?>
<!DOCTYPE mapper
  PUBLIC "-//mybatis.org//DTD Mapper 3.0//EN"
  "http://mybatis.org/dtd/mybatis-3-mapper.dtd">
<mapper namespace="com.guci.mapper.QuesReplyMapper">
  	<!-- p382 -->
	<insert id="insert">
		insert into reply (rno, quesNo, reply, replyer)
		values (seq_reply.nextval, #{quesNo}, #{reply}, #{replyer})
	</insert>
  	
  	<!-- p384 -->
  	<select id="read" resultType="com.guci.domain.QuesReplyVO">
  		select * from reply where rno = #{rno}
  	</select>
  	
  	<!--  p386 -->
  	<delete id="delete">
  		delete from reply where rno = #{rno}
  	</delete>
  	
  	<!--  p386 -->
  	<update id="update">
		update reply set reply = #{reply}, updateDate = sysdate where rno = #{rno}
  	</update>
  	
  	<!--  p388 -->
  	<!--  p431 인덱스를 이용한 페이징 쿼리 -->
  	<select id="getListWithPaging" resultType="com.guci.domain.QuesReplyVO">
  		<![CDATA[
  		select rno, quesNo, reply, replyer, replyDate, updateDate
  		from
  			(select /*+INDEX(reply idx_reply) */
  				rownum rn, rno, quesNo, reply, replyer, replyDate, updateDate
  		 	from reply
  			where quesNo = #{quesNo}
  			and rno > 0
  			and rownum <= #{cri.pageNum} * #{cri.amount}
  			) where rn > (#{cri.pageNum} -1 ) * #{cri.amount}
  		]]>
  	</select>
  	
  <!--  p433 댓글 숫자 파악을 위한 getCountByQuesNo를 추가한다. -->
  <select id="getCountByQuesNo" resultType="int">
    <![CDATA[
    	select count(rno) from reply where quesNo = #{quesNo}
    ]]>
  </select>
  
</mapper>