<?xml version="1.0" encoding="UTF-8"?>
<!DOCTYPE mapper
  PUBLIC "-//mybatis.org//DTD Mapper 3.0//EN"
  "http://mybatis.org/dtd/mybatis-3-mapper.dtd">
  
 <mapper namespace="com.guci.mapper.UserMapper">
	<insert id="userJoin">
	 insert into guci_user values(#{userId}, #{userPw}, #{userName}, #{userPhone}, #{userEmail}, #{userAddr1}, #{userAddr2}, #{userAddr3}, sysdate,0,0)
	</insert>

	<!-- 아이디 중복검사 -->
  	<select id="idCheck" resultType="int">
  		select count(*) from guci_user where userId = #{userId}
  	</select>
  	
	<!-- 로그인 -->
     <select id="userLogin" resultType="com.guci.domain.UserVO">
         select userId, userPw ,userName from guci_user where userId = #{userId}
     </select>
     
	<!-- 아이디 찾기 -->
	<select id="searchId" resultType="com.guci.domain.UserVO">
		 SELECT userId from guci_user WHERE userName=#{userName} and userPhone=#{userPhone} 
	 </select>
	 
 	<!-- 이메일 찾기(비밀번호) -->
	<select id="findEmail" parameterType="String" resultType="String">
		select userEmail from guci_user where userId =#{userId}
	</select>

	<!-- 비밀번호 찾기(임시비밀번호업데이트) -->
	<update id="updatePw">
		update guci_user set userPw = #{userPw} where userId = #{userId}
	</update>

	<!-- 유저 비밀번호 가져오기 -->
     <select id="userPw" resultType="String">
     	SELECT userPw FROM guci_user WHERE userId = #{userId}
     </select>
     
     <!-- 유저정보 가져오기 -->
     <select id="user" resultType="com.guci.domain.UserVO">
     	SELECT * FROM guci_user WHERE userId = #{userId}
     </select>
     
     <!-- 유저정보 변경하기 -->
     <update id="updateInfo">
     	UPDATE guci_user SET userPw = #{userPw}, userEmail = #{userEmail}, userPhone = #{userPhone}, userAddr1 = #{userAddr1}, userAddr2 = #{userAddr2}, userAddr3 = #{userAddr3}
     	WHERE userId = #{userId}
     </update>
     
     <delete id="delete">
     	DELETE FROM guci_user WHERE userId = #{userId}
     </delete>
 </mapper>